Name,Average-Marks
A,20.69536
B,19.57152
C,20.96864
D,17.3984
E,5.67744
